[
{
  "model": "accounts.profile",
  "pk": 1,
  "fields": {
    "user": 2,
    "first_name": null,
    "last_name": null,
    "location": null,
    "url": null,
    "profile_info": null,
    "created": "2023-03-28",
    "picture": "",
    "favorites": []
  }
},
{
  "model": "accounts.profile",
  "pk": 2,
  "fields": {
    "user": 3,
    "first_name": null,
    "last_name": null,
    "location": null,
    "url": null,
    "profile_info": null,
    "created": "2023-03-28",
    "picture": "",
    "favorites": []
  }
},
{
  "model": "accounts.profile",
  "pk": 3,
  "fields": {
    "user": 4,
    "first_name": "Mark",
    "last_name": "Zuckerberg",
    "location": "Almaty",
    "url": "",
    "profile_info": "",
    "created": "2023-03-28",
    "picture": "user_4/profile.jpg",
    "favorites": []
  }
},
{
  "model": "accounts.profile",
  "pk": 4,
  "fields": {
    "user": 5,
    "first_name": null,
    "last_name": null,
    "location": null,
    "url": null,
    "profile_info": null,
    "created": "2023-03-28",
    "picture": "",
    "favorites": []
  }
},
{
  "model": "accounts.profile",
  "pk": 5,
  "fields": {
    "user": 6,
    "first_name": "Botagoz",
    "last_name": "BBB",
    "location": "Almaty",
    "url": "",
    "profile_info": "",
    "created": "2023-04-20",
    "picture": "",
    "favorites": []
  }
},
{
  "model": "accounts.profile",
  "pk": 6,
  "fields": {
    "user": 7,
    "first_name": "",
    "last_name": "",
    "location": "",
    "url": "",
    "profile_info": "",
    "created": "2023-04-20",
    "picture": "user_7/profile.jpg",
    "favorites": [
      "3738b23d-6b7a-4754-93a9-c936f721ca10"
    ]
  }
},
{
  "model": "accounts.profile",
  "pk": 7,
  "fields": {
    "user": 8,
    "first_name": "Amir",
    "last_name": "AAA",
    "location": "Almaty",
    "url": "",
    "profile_info": "",
    "created": "2023-04-20",
    "picture": "user_8/profile.jpg",
    "favorites": []
  }
},
{
  "model": "accounts.profile",
  "pk": 8,
  "fields": {
    "user": 9,
    "first_name": "Alina",
    "last_name": "Alimova",
    "location": "Astana",
    "url": "",
    "profile_info": "",
    "created": "2023-04-20",
    "picture": "user_9/profile.jpg",
    "favorites": []
  }
},
{
  "model": "post.tag",
  "pk": 1,
  "fields": {
    "title": "cars",
    "slug": "cars"
  }
},
{
  "model": "post.tag",
  "pk": 2,
  "fields": {
    "title": "porsche",
    "slug": "porsche"
  }
},
{
  "model": "post.tag",
  "pk": 3,
  "fields": {
    "title": "porsche2",
    "slug": "porsche2"
  }
},
{
  "model": "post.tag",
  "pk": 4,
  "fields": {
    "title": "picture",
    "slug": "picture"
  }
},
{
  "model": "post.tag",
  "pk": 5,
  "fields": {
    "title": "ddd",
    "slug": "ddd"
  }
},
{
  "model": "post.tag",
  "pk": 6,
  "fields": {
    "title": "Nature",
    "slug": "nature"
  }
},
{
  "model": "post.tag",
  "pk": 7,
  "fields": {
    "title": " landscape",
    "slug": "landscape"
  }
},
{
  "model": "post.tag",
  "pk": 8,
  "fields": {
    "title": "India",
    "slug": "india"
  }
},
{
  "model": "post.tag",
  "pk": 9,
  "fields": {
    "title": " travel",
    "slug": "travel"
  }
},
{
  "model": "post.tag",
  "pk": 10,
  "fields": {
    "title": "love",
    "slug": "love"
  }
},
{
  "model": "post.tag",
  "pk": 11,
  "fields": {
    "title": " heart",
    "slug": "heart"
  }
},
{
  "model": "post.tag",
  "pk": 12,
  "fields": {
    "title": " couple",
    "slug": "couple"
  }
},
{
  "model": "post.tag",
  "pk": 13,
  "fields": {
    "title": "books",
    "slug": "books"
  }
},
{
  "model": "post.tag",
  "pk": 14,
  "fields": {
    "title": " reading",
    "slug": "reading"
  }
},
{
  "model": "post.postfilecontent",
  "pk": 1,
  "fields": {
    "user": 4,
    "file": "user_4/Porsche-911-1-1024x555_HQg1ikd.jpg"
  }
},
{
  "model": "post.postfilecontent",
  "pk": 2,
  "fields": {
    "user": 4,
    "file": "user_4/Porsche-911-1-1024x555.jpg"
  }
},
{
  "model": "post.postfilecontent",
  "pk": 3,
  "fields": {
    "user": 6,
    "file": "user_6/profile.jpg"
  }
},
{
  "model": "post.postfilecontent",
  "pk": 4,
  "fields": {
    "user": 7,
    "file": "user_7/pic1.jpeg"
  }
},
{
  "model": "post.postfilecontent",
  "pk": 5,
  "fields": {
    "user": 7,
    "file": "user_7/pic1_w7OmdQo.jpeg"
  }
},
{
  "model": "post.postfilecontent",
  "pk": 6,
  "fields": {
    "user": 8,
    "file": "user_8/post1.jpg"
  }
},
{
  "model": "post.postfilecontent",
  "pk": 7,
  "fields": {
    "user": 8,
    "file": "user_8/post2.jpg"
  }
},
{
  "model": "post.postfilecontent",
  "pk": 8,
  "fields": {
    "user": 9,
    "file": "user_9/postalina.jpg"
  }
},
{
  "model": "post.postfilecontent",
  "pk": 9,
  "fields": {
    "user": 9,
    "file": "user_9/postalina2.jpg"
  }
},
{
  "model": "post.post",
  "pk": "0c1a4dee-c337-41e7-aa3e-c040ead8f054",
  "fields": {
    "caption": "Hello",
    "posted": "2023-04-20T10:30:14.306Z",
    "user": 6,
    "likes": 2,
    "content": [
      3
    ],
    "tags": [
      4
    ]
  }
},
{
  "model": "post.post",
  "pk": "36cbb29b-adf5-4802-8fba-2c7efb252977",
  "fields": {
    "caption": "Nature",
    "posted": "2023-04-20T13:21:35.673Z",
    "user": 8,
    "likes": 2,
    "content": [
      6
    ],
    "tags": [
      6,
      7
    ]
  }
},
{
  "model": "post.post",
  "pk": "3738b23d-6b7a-4754-93a9-c936f721ca10",
  "fields": {
    "caption": "my pic",
    "posted": "2023-04-20T11:01:43.935Z",
    "user": 7,
    "likes": 1,
    "content": [
      4
    ],
    "tags": [
      4
    ]
  }
},
{
  "model": "post.post",
  "pk": "4ca0ac70-ba3e-4d09-8023-75905b22cbf2",
  "fields": {
    "caption": "love is in the air...)))",
    "posted": "2023-04-20T13:27:32.673Z",
    "user": 9,
    "likes": 1,
    "content": [
      8
    ],
    "tags": [
      10,
      11,
      12
    ]
  }
},
{
  "model": "post.post",
  "pk": "83f34c83-c0fd-4dd9-8dbf-5dfcd72cd55f",
  "fields": {
    "caption": "porsche2",
    "posted": "2023-03-28T13:24:29.229Z",
    "user": 4,
    "likes": 0,
    "content": [
      2
    ],
    "tags": [
      3
    ]
  }
},
{
  "model": "post.post",
  "pk": "8af848ae-55c1-4442-979f-e4be950e1d1f",
  "fields": {
    "caption": "love reading books",
    "posted": "2023-04-20T13:28:32.208Z",
    "user": 9,
    "likes": 1,
    "content": [
      9
    ],
    "tags": [
      13,
      14
    ]
  }
},
{
  "model": "post.post",
  "pk": "9d4637e8-2f09-425e-912f-082a0728a295",
  "fields": {
    "caption": "porsche",
    "posted": "2023-03-28T13:23:25.102Z",
    "user": 4,
    "likes": 0,
    "content": [
      1
    ],
    "tags": [
      2
    ]
  }
},
{
  "model": "post.post",
  "pk": "a5afdc97-88d1-4e8e-85fa-b1ec03af0f86",
  "fields": {
    "caption": "ddd",
    "posted": "2023-04-20T11:02:18.417Z",
    "user": 7,
    "likes": 2,
    "content": [
      5
    ],
    "tags": [
      5
    ]
  }
},
{
  "model": "post.post",
  "pk": "c88def27-f7f4-48d2-80c5-3c7ecb363df1",
  "fields": {
    "caption": "Traveling",
    "posted": "2023-04-20T13:22:41.234Z",
    "user": 8,
    "likes": 2,
    "content": [
      7
    ],
    "tags": [
      8,
      9
    ]
  }
},
{
  "model": "post.follow",
  "pk": 1,
  "fields": {
    "follower": 7,
    "following": 6
  }
},
{
  "model": "post.follow",
  "pk": 2,
  "fields": {
    "follower": 6,
    "following": 7
  }
},
{
  "model": "post.follow",
  "pk": 3,
  "fields": {
    "follower": 8,
    "following": 6
  }
},
{
  "model": "post.follow",
  "pk": 4,
  "fields": {
    "follower": 8,
    "following": 7
  }
},
{
  "model": "post.follow",
  "pk": 5,
  "fields": {
    "follower": 9,
    "following": 6
  }
},
{
  "model": "post.follow",
  "pk": 6,
  "fields": {
    "follower": 9,
    "following": 7
  }
},
{
  "model": "post.follow",
  "pk": 7,
  "fields": {
    "follower": 9,
    "following": 8
  }
},
{
  "model": "post.follow",
  "pk": 8,
  "fields": {
    "follower": 6,
    "following": 8
  }
},
{
  "model": "post.follow",
  "pk": 9,
  "fields": {
    "follower": 6,
    "following": 9
  }
},
{
  "model": "post.follow",
  "pk": 10,
  "fields": {
    "follower": 7,
    "following": 9
  }
},
{
  "model": "post.follow",
  "pk": 11,
  "fields": {
    "follower": 7,
    "following": 8
  }
},
{
  "model": "post.follow",
  "pk": 12,
  "fields": {
    "follower": 7,
    "following": 4
  }
},
{
  "model": "post.follow",
  "pk": 13,
  "fields": {
    "follower": 7,
    "following": 5
  }
},
{
  "model": "post.follow",
  "pk": 14,
  "fields": {
    "follower": 7,
    "following": 2
  }
},
{
  "model": "post.follow",
  "pk": 15,
  "fields": {
    "follower": 7,
    "following": 3
  }
},
{
  "model": "post.stream",
  "pk": 1,
  "fields": {
    "following": 6,
    "user": 7,
    "post": "0c1a4dee-c337-41e7-aa3e-c040ead8f054",
    "date": "2023-04-20T10:30:14.306Z"
  }
},
{
  "model": "post.stream",
  "pk": 2,
  "fields": {
    "following": 6,
    "user": 7,
    "post": "0c1a4dee-c337-41e7-aa3e-c040ead8f054",
    "date": "2023-04-20T10:30:14.306Z"
  }
},
{
  "model": "post.stream",
  "pk": 3,
  "fields": {
    "following": 6,
    "user": 7,
    "post": "0c1a4dee-c337-41e7-aa3e-c040ead8f054",
    "date": "2023-04-20T10:30:14.306Z"
  }
},
{
  "model": "post.stream",
  "pk": 4,
  "fields": {
    "following": 6,
    "user": 7,
    "post": "0c1a4dee-c337-41e7-aa3e-c040ead8f054",
    "date": "2023-04-20T10:30:14.306Z"
  }
},
{
  "model": "post.stream",
  "pk": 5,
  "fields": {
    "following": 7,
    "user": 6,
    "post": "3738b23d-6b7a-4754-93a9-c936f721ca10",
    "date": "2023-04-20T11:01:43.935Z"
  }
},
{
  "model": "post.stream",
  "pk": 6,
  "fields": {
    "following": 7,
    "user": 6,
    "post": "a5afdc97-88d1-4e8e-85fa-b1ec03af0f86",
    "date": "2023-04-20T11:02:18.417Z"
  }
},
{
  "model": "post.stream",
  "pk": 7,
  "fields": {
    "following": 6,
    "user": 8,
    "post": "0c1a4dee-c337-41e7-aa3e-c040ead8f054",
    "date": "2023-04-20T10:30:14.306Z"
  }
},
{
  "model": "post.stream",
  "pk": 8,
  "fields": {
    "following": 7,
    "user": 8,
    "post": "3738b23d-6b7a-4754-93a9-c936f721ca10",
    "date": "2023-04-20T11:01:43.935Z"
  }
},
{
  "model": "post.stream",
  "pk": 9,
  "fields": {
    "following": 7,
    "user": 8,
    "post": "a5afdc97-88d1-4e8e-85fa-b1ec03af0f86",
    "date": "2023-04-20T11:02:18.417Z"
  }
},
{
  "model": "post.stream",
  "pk": 10,
  "fields": {
    "following": 6,
    "user": 9,
    "post": "0c1a4dee-c337-41e7-aa3e-c040ead8f054",
    "date": "2023-04-20T10:30:14.306Z"
  }
},
{
  "model": "post.stream",
  "pk": 11,
  "fields": {
    "following": 7,
    "user": 9,
    "post": "3738b23d-6b7a-4754-93a9-c936f721ca10",
    "date": "2023-04-20T11:01:43.935Z"
  }
},
{
  "model": "post.stream",
  "pk": 12,
  "fields": {
    "following": 7,
    "user": 9,
    "post": "a5afdc97-88d1-4e8e-85fa-b1ec03af0f86",
    "date": "2023-04-20T11:02:18.417Z"
  }
},
{
  "model": "post.stream",
  "pk": 13,
  "fields": {
    "following": 8,
    "user": 9,
    "post": "36cbb29b-adf5-4802-8fba-2c7efb252977",
    "date": "2023-04-20T13:21:35.673Z"
  }
},
{
  "model": "post.stream",
  "pk": 14,
  "fields": {
    "following": 8,
    "user": 9,
    "post": "c88def27-f7f4-48d2-80c5-3c7ecb363df1",
    "date": "2023-04-20T13:22:41.234Z"
  }
},
{
  "model": "post.stream",
  "pk": 15,
  "fields": {
    "following": 8,
    "user": 9,
    "post": "c88def27-f7f4-48d2-80c5-3c7ecb363df1",
    "date": "2023-04-20T13:22:41.234Z"
  }
},
{
  "model": "post.stream",
  "pk": 16,
  "fields": {
    "following": 8,
    "user": 9,
    "post": "c88def27-f7f4-48d2-80c5-3c7ecb363df1",
    "date": "2023-04-20T13:22:41.234Z"
  }
},
{
  "model": "post.stream",
  "pk": 17,
  "fields": {
    "following": 8,
    "user": 9,
    "post": "c88def27-f7f4-48d2-80c5-3c7ecb363df1",
    "date": "2023-04-20T13:22:41.234Z"
  }
},
{
  "model": "post.stream",
  "pk": 18,
  "fields": {
    "following": 8,
    "user": 9,
    "post": "36cbb29b-adf5-4802-8fba-2c7efb252977",
    "date": "2023-04-20T13:21:35.673Z"
  }
},
{
  "model": "post.stream",
  "pk": 19,
  "fields": {
    "following": 7,
    "user": 6,
    "post": "a5afdc97-88d1-4e8e-85fa-b1ec03af0f86",
    "date": "2023-04-20T11:02:18.417Z"
  }
},
{
  "model": "post.stream",
  "pk": 20,
  "fields": {
    "following": 7,
    "user": 8,
    "post": "a5afdc97-88d1-4e8e-85fa-b1ec03af0f86",
    "date": "2023-04-20T11:02:18.417Z"
  }
},
{
  "model": "post.stream",
  "pk": 21,
  "fields": {
    "following": 7,
    "user": 9,
    "post": "a5afdc97-88d1-4e8e-85fa-b1ec03af0f86",
    "date": "2023-04-20T11:02:18.417Z"
  }
},
{
  "model": "post.stream",
  "pk": 22,
  "fields": {
    "following": 6,
    "user": 7,
    "post": "0c1a4dee-c337-41e7-aa3e-c040ead8f054",
    "date": "2023-04-20T10:30:14.306Z"
  }
},
{
  "model": "post.stream",
  "pk": 23,
  "fields": {
    "following": 6,
    "user": 8,
    "post": "0c1a4dee-c337-41e7-aa3e-c040ead8f054",
    "date": "2023-04-20T10:30:14.306Z"
  }
},
{
  "model": "post.stream",
  "pk": 24,
  "fields": {
    "following": 6,
    "user": 9,
    "post": "0c1a4dee-c337-41e7-aa3e-c040ead8f054",
    "date": "2023-04-20T10:30:14.306Z"
  }
},
{
  "model": "post.stream",
  "pk": 25,
  "fields": {
    "following": 8,
    "user": 6,
    "post": "36cbb29b-adf5-4802-8fba-2c7efb252977",
    "date": "2023-04-20T13:21:35.673Z"
  }
},
{
  "model": "post.stream",
  "pk": 26,
  "fields": {
    "following": 8,
    "user": 6,
    "post": "c88def27-f7f4-48d2-80c5-3c7ecb363df1",
    "date": "2023-04-20T13:22:41.234Z"
  }
},
{
  "model": "post.stream",
  "pk": 27,
  "fields": {
    "following": 9,
    "user": 6,
    "post": "4ca0ac70-ba3e-4d09-8023-75905b22cbf2",
    "date": "2023-04-20T13:27:32.673Z"
  }
},
{
  "model": "post.stream",
  "pk": 28,
  "fields": {
    "following": 9,
    "user": 6,
    "post": "8af848ae-55c1-4442-979f-e4be950e1d1f",
    "date": "2023-04-20T13:28:32.208Z"
  }
},
{
  "model": "post.stream",
  "pk": 29,
  "fields": {
    "following": 9,
    "user": 6,
    "post": "8af848ae-55c1-4442-979f-e4be950e1d1f",
    "date": "2023-04-20T13:28:32.208Z"
  }
},
{
  "model": "post.stream",
  "pk": 30,
  "fields": {
    "following": 9,
    "user": 6,
    "post": "4ca0ac70-ba3e-4d09-8023-75905b22cbf2",
    "date": "2023-04-20T13:27:32.673Z"
  }
},
{
  "model": "post.stream",
  "pk": 31,
  "fields": {
    "following": 9,
    "user": 7,
    "post": "4ca0ac70-ba3e-4d09-8023-75905b22cbf2",
    "date": "2023-04-20T13:27:32.673Z"
  }
},
{
  "model": "post.stream",
  "pk": 32,
  "fields": {
    "following": 9,
    "user": 7,
    "post": "8af848ae-55c1-4442-979f-e4be950e1d1f",
    "date": "2023-04-20T13:28:32.208Z"
  }
},
{
  "model": "post.stream",
  "pk": 33,
  "fields": {
    "following": 8,
    "user": 7,
    "post": "36cbb29b-adf5-4802-8fba-2c7efb252977",
    "date": "2023-04-20T13:21:35.673Z"
  }
},
{
  "model": "post.stream",
  "pk": 34,
  "fields": {
    "following": 8,
    "user": 7,
    "post": "c88def27-f7f4-48d2-80c5-3c7ecb363df1",
    "date": "2023-04-20T13:22:41.234Z"
  }
},
{
  "model": "post.stream",
  "pk": 35,
  "fields": {
    "following": 4,
    "user": 7,
    "post": "9d4637e8-2f09-425e-912f-082a0728a295",
    "date": "2023-03-28T13:23:25.102Z"
  }
},
{
  "model": "post.stream",
  "pk": 36,
  "fields": {
    "following": 4,
    "user": 7,
    "post": "83f34c83-c0fd-4dd9-8dbf-5dfcd72cd55f",
    "date": "2023-03-28T13:24:29.229Z"
  }
},
{
  "model": "post.stream",
  "pk": 37,
  "fields": {
    "following": 7,
    "user": 6,
    "post": "a5afdc97-88d1-4e8e-85fa-b1ec03af0f86",
    "date": "2023-04-20T11:02:18.417Z"
  }
},
{
  "model": "post.stream",
  "pk": 38,
  "fields": {
    "following": 7,
    "user": 8,
    "post": "a5afdc97-88d1-4e8e-85fa-b1ec03af0f86",
    "date": "2023-04-20T11:02:18.417Z"
  }
},
{
  "model": "post.stream",
  "pk": 39,
  "fields": {
    "following": 7,
    "user": 9,
    "post": "a5afdc97-88d1-4e8e-85fa-b1ec03af0f86",
    "date": "2023-04-20T11:02:18.417Z"
  }
},
{
  "model": "post.stream",
  "pk": 40,
  "fields": {
    "following": 7,
    "user": 6,
    "post": "a5afdc97-88d1-4e8e-85fa-b1ec03af0f86",
    "date": "2023-04-20T11:02:18.417Z"
  }
},
{
  "model": "post.stream",
  "pk": 41,
  "fields": {
    "following": 7,
    "user": 8,
    "post": "a5afdc97-88d1-4e8e-85fa-b1ec03af0f86",
    "date": "2023-04-20T11:02:18.417Z"
  }
},
{
  "model": "post.stream",
  "pk": 42,
  "fields": {
    "following": 7,
    "user": 9,
    "post": "a5afdc97-88d1-4e8e-85fa-b1ec03af0f86",
    "date": "2023-04-20T11:02:18.417Z"
  }
},
{
  "model": "post.stream",
  "pk": 43,
  "fields": {
    "following": 7,
    "user": 6,
    "post": "a5afdc97-88d1-4e8e-85fa-b1ec03af0f86",
    "date": "2023-04-20T11:02:18.417Z"
  }
},
{
  "model": "post.stream",
  "pk": 44,
  "fields": {
    "following": 7,
    "user": 8,
    "post": "a5afdc97-88d1-4e8e-85fa-b1ec03af0f86",
    "date": "2023-04-20T11:02:18.417Z"
  }
},
{
  "model": "post.stream",
  "pk": 45,
  "fields": {
    "following": 7,
    "user": 9,
    "post": "a5afdc97-88d1-4e8e-85fa-b1ec03af0f86",
    "date": "2023-04-20T11:02:18.417Z"
  }
},
{
  "model": "post.stream",
  "pk": 46,
  "fields": {
    "following": 7,
    "user": 6,
    "post": "a5afdc97-88d1-4e8e-85fa-b1ec03af0f86",
    "date": "2023-04-20T11:02:18.417Z"
  }
},
{
  "model": "post.stream",
  "pk": 47,
  "fields": {
    "following": 7,
    "user": 8,
    "post": "a5afdc97-88d1-4e8e-85fa-b1ec03af0f86",
    "date": "2023-04-20T11:02:18.417Z"
  }
},
{
  "model": "post.stream",
  "pk": 48,
  "fields": {
    "following": 7,
    "user": 9,
    "post": "a5afdc97-88d1-4e8e-85fa-b1ec03af0f86",
    "date": "2023-04-20T11:02:18.417Z"
  }
},
{
  "model": "post.stream",
  "pk": 49,
  "fields": {
    "following": 7,
    "user": 6,
    "post": "a5afdc97-88d1-4e8e-85fa-b1ec03af0f86",
    "date": "2023-04-20T11:02:18.417Z"
  }
},
{
  "model": "post.stream",
  "pk": 50,
  "fields": {
    "following": 7,
    "user": 8,
    "post": "a5afdc97-88d1-4e8e-85fa-b1ec03af0f86",
    "date": "2023-04-20T11:02:18.417Z"
  }
},
{
  "model": "post.stream",
  "pk": 51,
  "fields": {
    "following": 7,
    "user": 9,
    "post": "a5afdc97-88d1-4e8e-85fa-b1ec03af0f86",
    "date": "2023-04-20T11:02:18.417Z"
  }
},
{
  "model": "post.stream",
  "pk": 52,
  "fields": {
    "following": 7,
    "user": 6,
    "post": "a5afdc97-88d1-4e8e-85fa-b1ec03af0f86",
    "date": "2023-04-20T11:02:18.417Z"
  }
},
{
  "model": "post.stream",
  "pk": 53,
  "fields": {
    "following": 7,
    "user": 8,
    "post": "a5afdc97-88d1-4e8e-85fa-b1ec03af0f86",
    "date": "2023-04-20T11:02:18.417Z"
  }
},
{
  "model": "post.stream",
  "pk": 54,
  "fields": {
    "following": 7,
    "user": 9,
    "post": "a5afdc97-88d1-4e8e-85fa-b1ec03af0f86",
    "date": "2023-04-20T11:02:18.417Z"
  }
},
{
  "model": "post.stream",
  "pk": 55,
  "fields": {
    "following": 7,
    "user": 6,
    "post": "a5afdc97-88d1-4e8e-85fa-b1ec03af0f86",
    "date": "2023-04-20T11:02:18.417Z"
  }
},
{
  "model": "post.stream",
  "pk": 56,
  "fields": {
    "following": 7,
    "user": 8,
    "post": "a5afdc97-88d1-4e8e-85fa-b1ec03af0f86",
    "date": "2023-04-20T11:02:18.417Z"
  }
},
{
  "model": "post.stream",
  "pk": 57,
  "fields": {
    "following": 7,
    "user": 9,
    "post": "a5afdc97-88d1-4e8e-85fa-b1ec03af0f86",
    "date": "2023-04-20T11:02:18.417Z"
  }
},
{
  "model": "post.stream",
  "pk": 58,
  "fields": {
    "following": 7,
    "user": 6,
    "post": "a5afdc97-88d1-4e8e-85fa-b1ec03af0f86",
    "date": "2023-04-20T11:02:18.417Z"
  }
},
{
  "model": "post.stream",
  "pk": 59,
  "fields": {
    "following": 7,
    "user": 8,
    "post": "a5afdc97-88d1-4e8e-85fa-b1ec03af0f86",
    "date": "2023-04-20T11:02:18.417Z"
  }
},
{
  "model": "post.stream",
  "pk": 60,
  "fields": {
    "following": 7,
    "user": 9,
    "post": "a5afdc97-88d1-4e8e-85fa-b1ec03af0f86",
    "date": "2023-04-20T11:02:18.417Z"
  }
},
{
  "model": "post.stream",
  "pk": 61,
  "fields": {
    "following": 7,
    "user": 6,
    "post": "a5afdc97-88d1-4e8e-85fa-b1ec03af0f86",
    "date": "2023-04-20T11:02:18.417Z"
  }
},
{
  "model": "post.stream",
  "pk": 62,
  "fields": {
    "following": 7,
    "user": 8,
    "post": "a5afdc97-88d1-4e8e-85fa-b1ec03af0f86",
    "date": "2023-04-20T11:02:18.417Z"
  }
},
{
  "model": "post.stream",
  "pk": 63,
  "fields": {
    "following": 7,
    "user": 9,
    "post": "a5afdc97-88d1-4e8e-85fa-b1ec03af0f86",
    "date": "2023-04-20T11:02:18.417Z"
  }
},
{
  "model": "post.stream",
  "pk": 64,
  "fields": {
    "following": 7,
    "user": 6,
    "post": "a5afdc97-88d1-4e8e-85fa-b1ec03af0f86",
    "date": "2023-04-20T11:02:18.417Z"
  }
},
{
  "model": "post.stream",
  "pk": 65,
  "fields": {
    "following": 7,
    "user": 8,
    "post": "a5afdc97-88d1-4e8e-85fa-b1ec03af0f86",
    "date": "2023-04-20T11:02:18.417Z"
  }
},
{
  "model": "post.stream",
  "pk": 66,
  "fields": {
    "following": 7,
    "user": 9,
    "post": "a5afdc97-88d1-4e8e-85fa-b1ec03af0f86",
    "date": "2023-04-20T11:02:18.417Z"
  }
},
{
  "model": "post.stream",
  "pk": 67,
  "fields": {
    "following": 7,
    "user": 6,
    "post": "a5afdc97-88d1-4e8e-85fa-b1ec03af0f86",
    "date": "2023-04-20T11:02:18.417Z"
  }
},
{
  "model": "post.stream",
  "pk": 68,
  "fields": {
    "following": 7,
    "user": 8,
    "post": "a5afdc97-88d1-4e8e-85fa-b1ec03af0f86",
    "date": "2023-04-20T11:02:18.417Z"
  }
},
{
  "model": "post.stream",
  "pk": 69,
  "fields": {
    "following": 7,
    "user": 9,
    "post": "a5afdc97-88d1-4e8e-85fa-b1ec03af0f86",
    "date": "2023-04-20T11:02:18.417Z"
  }
},
{
  "model": "post.stream",
  "pk": 70,
  "fields": {
    "following": 7,
    "user": 6,
    "post": "a5afdc97-88d1-4e8e-85fa-b1ec03af0f86",
    "date": "2023-04-20T11:02:18.417Z"
  }
},
{
  "model": "post.stream",
  "pk": 71,
  "fields": {
    "following": 7,
    "user": 8,
    "post": "a5afdc97-88d1-4e8e-85fa-b1ec03af0f86",
    "date": "2023-04-20T11:02:18.417Z"
  }
},
{
  "model": "post.stream",
  "pk": 72,
  "fields": {
    "following": 7,
    "user": 9,
    "post": "a5afdc97-88d1-4e8e-85fa-b1ec03af0f86",
    "date": "2023-04-20T11:02:18.417Z"
  }
},
{
  "model": "post.stream",
  "pk": 73,
  "fields": {
    "following": 7,
    "user": 6,
    "post": "a5afdc97-88d1-4e8e-85fa-b1ec03af0f86",
    "date": "2023-04-20T11:02:18.417Z"
  }
},
{
  "model": "post.stream",
  "pk": 74,
  "fields": {
    "following": 7,
    "user": 8,
    "post": "a5afdc97-88d1-4e8e-85fa-b1ec03af0f86",
    "date": "2023-04-20T11:02:18.417Z"
  }
},
{
  "model": "post.stream",
  "pk": 75,
  "fields": {
    "following": 7,
    "user": 9,
    "post": "a5afdc97-88d1-4e8e-85fa-b1ec03af0f86",
    "date": "2023-04-20T11:02:18.417Z"
  }
},
{
  "model": "post.stream",
  "pk": 76,
  "fields": {
    "following": 7,
    "user": 6,
    "post": "3738b23d-6b7a-4754-93a9-c936f721ca10",
    "date": "2023-04-20T11:01:43.935Z"
  }
},
{
  "model": "post.stream",
  "pk": 77,
  "fields": {
    "following": 7,
    "user": 8,
    "post": "3738b23d-6b7a-4754-93a9-c936f721ca10",
    "date": "2023-04-20T11:01:43.935Z"
  }
},
{
  "model": "post.stream",
  "pk": 78,
  "fields": {
    "following": 7,
    "user": 9,
    "post": "3738b23d-6b7a-4754-93a9-c936f721ca10",
    "date": "2023-04-20T11:01:43.935Z"
  }
},
{
  "model": "post.stream",
  "pk": 79,
  "fields": {
    "following": 7,
    "user": 6,
    "post": "3738b23d-6b7a-4754-93a9-c936f721ca10",
    "date": "2023-04-20T11:01:43.935Z"
  }
},
{
  "model": "post.stream",
  "pk": 80,
  "fields": {
    "following": 7,
    "user": 8,
    "post": "3738b23d-6b7a-4754-93a9-c936f721ca10",
    "date": "2023-04-20T11:01:43.935Z"
  }
},
{
  "model": "post.stream",
  "pk": 81,
  "fields": {
    "following": 7,
    "user": 9,
    "post": "3738b23d-6b7a-4754-93a9-c936f721ca10",
    "date": "2023-04-20T11:01:43.935Z"
  }
},
{
  "model": "post.stream",
  "pk": 82,
  "fields": {
    "following": 7,
    "user": 6,
    "post": "3738b23d-6b7a-4754-93a9-c936f721ca10",
    "date": "2023-04-20T11:01:43.935Z"
  }
},
{
  "model": "post.stream",
  "pk": 83,
  "fields": {
    "following": 7,
    "user": 8,
    "post": "3738b23d-6b7a-4754-93a9-c936f721ca10",
    "date": "2023-04-20T11:01:43.935Z"
  }
},
{
  "model": "post.stream",
  "pk": 84,
  "fields": {
    "following": 7,
    "user": 9,
    "post": "3738b23d-6b7a-4754-93a9-c936f721ca10",
    "date": "2023-04-20T11:01:43.935Z"
  }
},
{
  "model": "post.stream",
  "pk": 85,
  "fields": {
    "following": 7,
    "user": 6,
    "post": "3738b23d-6b7a-4754-93a9-c936f721ca10",
    "date": "2023-04-20T11:01:43.935Z"
  }
},
{
  "model": "post.stream",
  "pk": 86,
  "fields": {
    "following": 7,
    "user": 8,
    "post": "3738b23d-6b7a-4754-93a9-c936f721ca10",
    "date": "2023-04-20T11:01:43.935Z"
  }
},
{
  "model": "post.stream",
  "pk": 87,
  "fields": {
    "following": 7,
    "user": 9,
    "post": "3738b23d-6b7a-4754-93a9-c936f721ca10",
    "date": "2023-04-20T11:01:43.935Z"
  }
},
{
  "model": "post.stream",
  "pk": 88,
  "fields": {
    "following": 7,
    "user": 6,
    "post": "3738b23d-6b7a-4754-93a9-c936f721ca10",
    "date": "2023-04-20T11:01:43.935Z"
  }
},
{
  "model": "post.stream",
  "pk": 89,
  "fields": {
    "following": 7,
    "user": 8,
    "post": "3738b23d-6b7a-4754-93a9-c936f721ca10",
    "date": "2023-04-20T11:01:43.935Z"
  }
},
{
  "model": "post.stream",
  "pk": 90,
  "fields": {
    "following": 7,
    "user": 9,
    "post": "3738b23d-6b7a-4754-93a9-c936f721ca10",
    "date": "2023-04-20T11:01:43.935Z"
  }
},
{
  "model": "post.stream",
  "pk": 91,
  "fields": {
    "following": 7,
    "user": 6,
    "post": "3738b23d-6b7a-4754-93a9-c936f721ca10",
    "date": "2023-04-20T11:01:43.935Z"
  }
},
{
  "model": "post.stream",
  "pk": 92,
  "fields": {
    "following": 7,
    "user": 8,
    "post": "3738b23d-6b7a-4754-93a9-c936f721ca10",
    "date": "2023-04-20T11:01:43.935Z"
  }
},
{
  "model": "post.stream",
  "pk": 93,
  "fields": {
    "following": 7,
    "user": 9,
    "post": "3738b23d-6b7a-4754-93a9-c936f721ca10",
    "date": "2023-04-20T11:01:43.935Z"
  }
},
{
  "model": "post.stream",
  "pk": 94,
  "fields": {
    "following": 7,
    "user": 6,
    "post": "3738b23d-6b7a-4754-93a9-c936f721ca10",
    "date": "2023-04-20T11:01:43.935Z"
  }
},
{
  "model": "post.stream",
  "pk": 95,
  "fields": {
    "following": 7,
    "user": 8,
    "post": "3738b23d-6b7a-4754-93a9-c936f721ca10",
    "date": "2023-04-20T11:01:43.935Z"
  }
},
{
  "model": "post.stream",
  "pk": 96,
  "fields": {
    "following": 7,
    "user": 9,
    "post": "3738b23d-6b7a-4754-93a9-c936f721ca10",
    "date": "2023-04-20T11:01:43.935Z"
  }
},
{
  "model": "post.stream",
  "pk": 97,
  "fields": {
    "following": 7,
    "user": 6,
    "post": "3738b23d-6b7a-4754-93a9-c936f721ca10",
    "date": "2023-04-20T11:01:43.935Z"
  }
},
{
  "model": "post.stream",
  "pk": 98,
  "fields": {
    "following": 7,
    "user": 8,
    "post": "3738b23d-6b7a-4754-93a9-c936f721ca10",
    "date": "2023-04-20T11:01:43.935Z"
  }
},
{
  "model": "post.stream",
  "pk": 99,
  "fields": {
    "following": 7,
    "user": 9,
    "post": "3738b23d-6b7a-4754-93a9-c936f721ca10",
    "date": "2023-04-20T11:01:43.935Z"
  }
},
{
  "model": "post.stream",
  "pk": 100,
  "fields": {
    "following": 7,
    "user": 6,
    "post": "3738b23d-6b7a-4754-93a9-c936f721ca10",
    "date": "2023-04-20T11:01:43.935Z"
  }
},
{
  "model": "post.stream",
  "pk": 101,
  "fields": {
    "following": 7,
    "user": 8,
    "post": "3738b23d-6b7a-4754-93a9-c936f721ca10",
    "date": "2023-04-20T11:01:43.935Z"
  }
},
{
  "model": "post.stream",
  "pk": 102,
  "fields": {
    "following": 7,
    "user": 9,
    "post": "3738b23d-6b7a-4754-93a9-c936f721ca10",
    "date": "2023-04-20T11:01:43.935Z"
  }
},
{
  "model": "post.stream",
  "pk": 103,
  "fields": {
    "following": 7,
    "user": 6,
    "post": "3738b23d-6b7a-4754-93a9-c936f721ca10",
    "date": "2023-04-20T11:01:43.935Z"
  }
},
{
  "model": "post.stream",
  "pk": 104,
  "fields": {
    "following": 7,
    "user": 8,
    "post": "3738b23d-6b7a-4754-93a9-c936f721ca10",
    "date": "2023-04-20T11:01:43.935Z"
  }
},
{
  "model": "post.stream",
  "pk": 105,
  "fields": {
    "following": 7,
    "user": 9,
    "post": "3738b23d-6b7a-4754-93a9-c936f721ca10",
    "date": "2023-04-20T11:01:43.935Z"
  }
},
{
  "model": "post.stream",
  "pk": 106,
  "fields": {
    "following": 7,
    "user": 6,
    "post": "3738b23d-6b7a-4754-93a9-c936f721ca10",
    "date": "2023-04-20T11:01:43.935Z"
  }
},
{
  "model": "post.stream",
  "pk": 107,
  "fields": {
    "following": 7,
    "user": 8,
    "post": "3738b23d-6b7a-4754-93a9-c936f721ca10",
    "date": "2023-04-20T11:01:43.935Z"
  }
},
{
  "model": "post.stream",
  "pk": 108,
  "fields": {
    "following": 7,
    "user": 9,
    "post": "3738b23d-6b7a-4754-93a9-c936f721ca10",
    "date": "2023-04-20T11:01:43.935Z"
  }
},
{
  "model": "post.stream",
  "pk": 109,
  "fields": {
    "following": 7,
    "user": 6,
    "post": "3738b23d-6b7a-4754-93a9-c936f721ca10",
    "date": "2023-04-20T11:01:43.935Z"
  }
},
{
  "model": "post.stream",
  "pk": 110,
  "fields": {
    "following": 7,
    "user": 8,
    "post": "3738b23d-6b7a-4754-93a9-c936f721ca10",
    "date": "2023-04-20T11:01:43.935Z"
  }
},
{
  "model": "post.stream",
  "pk": 111,
  "fields": {
    "following": 7,
    "user": 9,
    "post": "3738b23d-6b7a-4754-93a9-c936f721ca10",
    "date": "2023-04-20T11:01:43.935Z"
  }
},
{
  "model": "post.stream",
  "pk": 112,
  "fields": {
    "following": 7,
    "user": 6,
    "post": "3738b23d-6b7a-4754-93a9-c936f721ca10",
    "date": "2023-04-20T11:01:43.935Z"
  }
},
{
  "model": "post.stream",
  "pk": 113,
  "fields": {
    "following": 7,
    "user": 8,
    "post": "3738b23d-6b7a-4754-93a9-c936f721ca10",
    "date": "2023-04-20T11:01:43.935Z"
  }
},
{
  "model": "post.stream",
  "pk": 114,
  "fields": {
    "following": 7,
    "user": 9,
    "post": "3738b23d-6b7a-4754-93a9-c936f721ca10",
    "date": "2023-04-20T11:01:43.935Z"
  }
},
{
  "model": "post.stream",
  "pk": 115,
  "fields": {
    "following": 9,
    "user": 6,
    "post": "8af848ae-55c1-4442-979f-e4be950e1d1f",
    "date": "2023-04-20T13:28:32.208Z"
  }
},
{
  "model": "post.stream",
  "pk": 116,
  "fields": {
    "following": 9,
    "user": 7,
    "post": "8af848ae-55c1-4442-979f-e4be950e1d1f",
    "date": "2023-04-20T13:28:32.208Z"
  }
},
{
  "model": "post.stream",
  "pk": 117,
  "fields": {
    "following": 7,
    "user": 6,
    "post": "a5afdc97-88d1-4e8e-85fa-b1ec03af0f86",
    "date": "2023-04-20T11:02:18.417Z"
  }
},
{
  "model": "post.stream",
  "pk": 118,
  "fields": {
    "following": 7,
    "user": 8,
    "post": "a5afdc97-88d1-4e8e-85fa-b1ec03af0f86",
    "date": "2023-04-20T11:02:18.417Z"
  }
},
{
  "model": "post.stream",
  "pk": 119,
  "fields": {
    "following": 7,
    "user": 9,
    "post": "a5afdc97-88d1-4e8e-85fa-b1ec03af0f86",
    "date": "2023-04-20T11:02:18.417Z"
  }
},
{
  "model": "post.stream",
  "pk": 120,
  "fields": {
    "following": 7,
    "user": 6,
    "post": "a5afdc97-88d1-4e8e-85fa-b1ec03af0f86",
    "date": "2023-04-20T11:02:18.417Z"
  }
},
{
  "model": "post.stream",
  "pk": 121,
  "fields": {
    "following": 7,
    "user": 8,
    "post": "a5afdc97-88d1-4e8e-85fa-b1ec03af0f86",
    "date": "2023-04-20T11:02:18.417Z"
  }
},
{
  "model": "post.stream",
  "pk": 122,
  "fields": {
    "following": 7,
    "user": 9,
    "post": "a5afdc97-88d1-4e8e-85fa-b1ec03af0f86",
    "date": "2023-04-20T11:02:18.417Z"
  }
},
{
  "model": "post.stream",
  "pk": 123,
  "fields": {
    "following": 7,
    "user": 6,
    "post": "a5afdc97-88d1-4e8e-85fa-b1ec03af0f86",
    "date": "2023-04-20T11:02:18.417Z"
  }
},
{
  "model": "post.stream",
  "pk": 124,
  "fields": {
    "following": 7,
    "user": 8,
    "post": "a5afdc97-88d1-4e8e-85fa-b1ec03af0f86",
    "date": "2023-04-20T11:02:18.417Z"
  }
},
{
  "model": "post.stream",
  "pk": 125,
  "fields": {
    "following": 7,
    "user": 9,
    "post": "a5afdc97-88d1-4e8e-85fa-b1ec03af0f86",
    "date": "2023-04-20T11:02:18.417Z"
  }
},
{
  "model": "post.stream",
  "pk": 126,
  "fields": {
    "following": 7,
    "user": 6,
    "post": "a5afdc97-88d1-4e8e-85fa-b1ec03af0f86",
    "date": "2023-04-20T11:02:18.417Z"
  }
},
{
  "model": "post.stream",
  "pk": 127,
  "fields": {
    "following": 7,
    "user": 8,
    "post": "a5afdc97-88d1-4e8e-85fa-b1ec03af0f86",
    "date": "2023-04-20T11:02:18.417Z"
  }
},
{
  "model": "post.stream",
  "pk": 128,
  "fields": {
    "following": 7,
    "user": 9,
    "post": "a5afdc97-88d1-4e8e-85fa-b1ec03af0f86",
    "date": "2023-04-20T11:02:18.417Z"
  }
},
{
  "model": "post.stream",
  "pk": 129,
  "fields": {
    "following": 9,
    "user": 6,
    "post": "8af848ae-55c1-4442-979f-e4be950e1d1f",
    "date": "2023-04-20T13:28:32.208Z"
  }
},
{
  "model": "post.stream",
  "pk": 130,
  "fields": {
    "following": 9,
    "user": 7,
    "post": "8af848ae-55c1-4442-979f-e4be950e1d1f",
    "date": "2023-04-20T13:28:32.208Z"
  }
},
{
  "model": "post.stream",
  "pk": 131,
  "fields": {
    "following": 9,
    "user": 6,
    "post": "8af848ae-55c1-4442-979f-e4be950e1d1f",
    "date": "2023-04-20T13:28:32.208Z"
  }
},
{
  "model": "post.stream",
  "pk": 132,
  "fields": {
    "following": 9,
    "user": 7,
    "post": "8af848ae-55c1-4442-979f-e4be950e1d1f",
    "date": "2023-04-20T13:28:32.208Z"
  }
},
{
  "model": "post.stream",
  "pk": 133,
  "fields": {
    "following": 9,
    "user": 6,
    "post": "8af848ae-55c1-4442-979f-e4be950e1d1f",
    "date": "2023-04-20T13:28:32.208Z"
  }
},
{
  "model": "post.stream",
  "pk": 134,
  "fields": {
    "following": 9,
    "user": 7,
    "post": "8af848ae-55c1-4442-979f-e4be950e1d1f",
    "date": "2023-04-20T13:28:32.208Z"
  }
},
{
  "model": "post.stream",
  "pk": 135,
  "fields": {
    "following": 7,
    "user": 6,
    "post": "3738b23d-6b7a-4754-93a9-c936f721ca10",
    "date": "2023-04-20T11:01:43.935Z"
  }
},
{
  "model": "post.stream",
  "pk": 136,
  "fields": {
    "following": 7,
    "user": 8,
    "post": "3738b23d-6b7a-4754-93a9-c936f721ca10",
    "date": "2023-04-20T11:01:43.935Z"
  }
},
{
  "model": "post.stream",
  "pk": 137,
  "fields": {
    "following": 7,
    "user": 9,
    "post": "3738b23d-6b7a-4754-93a9-c936f721ca10",
    "date": "2023-04-20T11:01:43.935Z"
  }
},
{
  "model": "post.stream",
  "pk": 138,
  "fields": {
    "following": 7,
    "user": 6,
    "post": "3738b23d-6b7a-4754-93a9-c936f721ca10",
    "date": "2023-04-20T11:01:43.935Z"
  }
},
{
  "model": "post.stream",
  "pk": 139,
  "fields": {
    "following": 7,
    "user": 8,
    "post": "3738b23d-6b7a-4754-93a9-c936f721ca10",
    "date": "2023-04-20T11:01:43.935Z"
  }
},
{
  "model": "post.stream",
  "pk": 140,
  "fields": {
    "following": 7,
    "user": 9,
    "post": "3738b23d-6b7a-4754-93a9-c936f721ca10",
    "date": "2023-04-20T11:01:43.935Z"
  }
},
{
  "model": "post.likes",
  "pk": 2,
  "fields": {
    "user": 7,
    "post": "0c1a4dee-c337-41e7-aa3e-c040ead8f054"
  }
},
{
  "model": "post.likes",
  "pk": 3,
  "fields": {
    "user": 8,
    "post": "36cbb29b-adf5-4802-8fba-2c7efb252977"
  }
},
{
  "model": "post.likes",
  "pk": 4,
  "fields": {
    "user": 8,
    "post": "c88def27-f7f4-48d2-80c5-3c7ecb363df1"
  }
},
{
  "model": "post.likes",
  "pk": 6,
  "fields": {
    "user": 9,
    "post": "c88def27-f7f4-48d2-80c5-3c7ecb363df1"
  }
},
{
  "model": "post.likes",
  "pk": 7,
  "fields": {
    "user": 9,
    "post": "36cbb29b-adf5-4802-8fba-2c7efb252977"
  }
},
{
  "model": "post.likes",
  "pk": 8,
  "fields": {
    "user": 9,
    "post": "a5afdc97-88d1-4e8e-85fa-b1ec03af0f86"
  }
},
{
  "model": "post.likes",
  "pk": 9,
  "fields": {
    "user": 9,
    "post": "0c1a4dee-c337-41e7-aa3e-c040ead8f054"
  }
},
{
  "model": "post.likes",
  "pk": 10,
  "fields": {
    "user": 6,
    "post": "8af848ae-55c1-4442-979f-e4be950e1d1f"
  }
},
{
  "model": "post.likes",
  "pk": 11,
  "fields": {
    "user": 6,
    "post": "4ca0ac70-ba3e-4d09-8023-75905b22cbf2"
  }
},
{
  "model": "post.likes",
  "pk": 28,
  "fields": {
    "user": 7,
    "post": "a5afdc97-88d1-4e8e-85fa-b1ec03af0f86"
  }
},
{
  "model": "post.likes",
  "pk": 30,
  "fields": {
    "user": 7,
    "post": "3738b23d-6b7a-4754-93a9-c936f721ca10"
  }
},
{
  "model": "comment.comment",
  "pk": 1,
  "fields": {
    "post": "0c1a4dee-c337-41e7-aa3e-c040ead8f054",
    "user": 7,
    "body": "Nice pic",
    "date": "2023-04-20T13:09:32.937Z"
  }
},
{
  "model": "notifications.notification",
  "pk": 1,
  "fields": {
    "post": null,
    "sender": 7,
    "user": 6,
    "notification_type": 3,
    "text_preview": "",
    "date": "2023-04-20T13:07:27.525Z",
    "is_seen": false
  }
},
{
  "model": "notifications.notification",
  "pk": 3,
  "fields": {
    "post": "0c1a4dee-c337-41e7-aa3e-c040ead8f054",
    "sender": 7,
    "user": 6,
    "notification_type": 1,
    "text_preview": "",
    "date": "2023-04-20T13:09:15.285Z",
    "is_seen": false
  }
},
{
  "model": "notifications.notification",
  "pk": 4,
  "fields": {
    "post": "0c1a4dee-c337-41e7-aa3e-c040ead8f054",
    "sender": 7,
    "user": 6,
    "notification_type": 2,
    "text_preview": "Nice pic",
    "date": "2023-04-20T13:09:32.945Z",
    "is_seen": false
  }
},
{
  "model": "notifications.notification",
  "pk": 5,
  "fields": {
    "post": null,
    "sender": 6,
    "user": 7,
    "notification_type": 3,
    "text_preview": "",
    "date": "2023-04-20T13:10:15.298Z",
    "is_seen": true
  }
},
{
  "model": "notifications.notification",
  "pk": 6,
  "fields": {
    "post": null,
    "sender": 8,
    "user": 6,
    "notification_type": 3,
    "text_preview": "",
    "date": "2023-04-20T13:16:57.891Z",
    "is_seen": false
  }
},
{
  "model": "notifications.notification",
  "pk": 7,
  "fields": {
    "post": null,
    "sender": 8,
    "user": 7,
    "notification_type": 3,
    "text_preview": "",
    "date": "2023-04-20T13:17:09.869Z",
    "is_seen": true
  }
},
{
  "model": "notifications.notification",
  "pk": 8,
  "fields": {
    "post": "36cbb29b-adf5-4802-8fba-2c7efb252977",
    "sender": 8,
    "user": 8,
    "notification_type": 1,
    "text_preview": "",
    "date": "2023-04-20T13:21:49.683Z",
    "is_seen": false
  }
},
{
  "model": "notifications.notification",
  "pk": 9,
  "fields": {
    "post": "c88def27-f7f4-48d2-80c5-3c7ecb363df1",
    "sender": 8,
    "user": 8,
    "notification_type": 1,
    "text_preview": "",
    "date": "2023-04-20T13:22:51.829Z",
    "is_seen": false
  }
},
{
  "model": "notifications.notification",
  "pk": 10,
  "fields": {
    "post": null,
    "sender": 9,
    "user": 6,
    "notification_type": 3,
    "text_preview": "",
    "date": "2023-04-20T13:24:12.208Z",
    "is_seen": false
  }
},
{
  "model": "notifications.notification",
  "pk": 11,
  "fields": {
    "post": null,
    "sender": 9,
    "user": 7,
    "notification_type": 3,
    "text_preview": "",
    "date": "2023-04-20T13:24:21.505Z",
    "is_seen": true
  }
},
{
  "model": "notifications.notification",
  "pk": 12,
  "fields": {
    "post": null,
    "sender": 9,
    "user": 8,
    "notification_type": 3,
    "text_preview": "",
    "date": "2023-04-20T13:24:29.241Z",
    "is_seen": false
  }
},
{
  "model": "notifications.notification",
  "pk": 14,
  "fields": {
    "post": "c88def27-f7f4-48d2-80c5-3c7ecb363df1",
    "sender": 9,
    "user": 8,
    "notification_type": 1,
    "text_preview": "",
    "date": "2023-04-20T13:24:39.136Z",
    "is_seen": false
  }
},
{
  "model": "notifications.notification",
  "pk": 15,
  "fields": {
    "post": "36cbb29b-adf5-4802-8fba-2c7efb252977",
    "sender": 9,
    "user": 8,
    "notification_type": 1,
    "text_preview": "",
    "date": "2023-04-20T13:24:44.942Z",
    "is_seen": false
  }
},
{
  "model": "notifications.notification",
  "pk": 16,
  "fields": {
    "post": "a5afdc97-88d1-4e8e-85fa-b1ec03af0f86",
    "sender": 9,
    "user": 7,
    "notification_type": 1,
    "text_preview": "",
    "date": "2023-04-20T13:24:50.089Z",
    "is_seen": true
  }
},
{
  "model": "notifications.notification",
  "pk": 17,
  "fields": {
    "post": "0c1a4dee-c337-41e7-aa3e-c040ead8f054",
    "sender": 9,
    "user": 6,
    "notification_type": 1,
    "text_preview": "",
    "date": "2023-04-20T13:24:54.774Z",
    "is_seen": false
  }
},
{
  "model": "notifications.notification",
  "pk": 18,
  "fields": {
    "post": null,
    "sender": 6,
    "user": 8,
    "notification_type": 3,
    "text_preview": "",
    "date": "2023-04-20T13:45:48.180Z",
    "is_seen": false
  }
},
{
  "model": "notifications.notification",
  "pk": 19,
  "fields": {
    "post": null,
    "sender": 6,
    "user": 9,
    "notification_type": 3,
    "text_preview": "",
    "date": "2023-04-20T13:46:09.993Z",
    "is_seen": false
  }
},
{
  "model": "notifications.notification",
  "pk": 20,
  "fields": {
    "post": "8af848ae-55c1-4442-979f-e4be950e1d1f",
    "sender": 6,
    "user": 9,
    "notification_type": 1,
    "text_preview": "",
    "date": "2023-04-20T13:46:19.804Z",
    "is_seen": false
  }
},
{
  "model": "notifications.notification",
  "pk": 21,
  "fields": {
    "post": "4ca0ac70-ba3e-4d09-8023-75905b22cbf2",
    "sender": 6,
    "user": 9,
    "notification_type": 1,
    "text_preview": "",
    "date": "2023-04-20T13:46:29.810Z",
    "is_seen": false
  }
},
{
  "model": "notifications.notification",
  "pk": 22,
  "fields": {
    "post": null,
    "sender": 7,
    "user": 9,
    "notification_type": 3,
    "text_preview": "",
    "date": "2023-04-20T13:47:29.358Z",
    "is_seen": false
  }
},
{
  "model": "notifications.notification",
  "pk": 23,
  "fields": {
    "post": null,
    "sender": 7,
    "user": 8,
    "notification_type": 3,
    "text_preview": "",
    "date": "2023-04-20T13:47:42.593Z",
    "is_seen": false
  }
},
{
  "model": "notifications.notification",
  "pk": 24,
  "fields": {
    "post": null,
    "sender": 7,
    "user": 4,
    "notification_type": 3,
    "text_preview": "",
    "date": "2023-04-20T13:55:37.770Z",
    "is_seen": false
  }
},
{
  "model": "notifications.notification",
  "pk": 25,
  "fields": {
    "post": null,
    "sender": 7,
    "user": 5,
    "notification_type": 3,
    "text_preview": "",
    "date": "2023-04-20T13:56:25.883Z",
    "is_seen": false
  }
},
{
  "model": "notifications.notification",
  "pk": 26,
  "fields": {
    "post": null,
    "sender": 7,
    "user": 2,
    "notification_type": 3,
    "text_preview": "",
    "date": "2023-04-20T13:56:32.794Z",
    "is_seen": false
  }
},
{
  "model": "notifications.notification",
  "pk": 27,
  "fields": {
    "post": null,
    "sender": 7,
    "user": 3,
    "notification_type": 3,
    "text_preview": "",
    "date": "2023-04-20T13:56:43.067Z",
    "is_seen": false
  }
},
{
  "model": "notifications.notification",
  "pk": 44,
  "fields": {
    "post": "a5afdc97-88d1-4e8e-85fa-b1ec03af0f86",
    "sender": 7,
    "user": 7,
    "notification_type": 1,
    "text_preview": "",
    "date": "2023-04-20T20:48:41.750Z",
    "is_seen": false
  }
},
{
  "model": "notifications.notification",
  "pk": 46,
  "fields": {
    "post": "3738b23d-6b7a-4754-93a9-c936f721ca10",
    "sender": 7,
    "user": 7,
    "notification_type": 1,
    "text_preview": "",
    "date": "2023-04-20T20:50:13.355Z",
    "is_seen": false
  }
}
]
